{
	"deleted": false,
	"lockForEdit": false,
	"editPermissions": ["5ebe48a23ae9444465d1e349"],
	"name": "Imported Task",
	"description": "",
	"customUrl": "",
	"authorId": "5ebe48a23ae9444465d1e349",
	"dateCreated": "2020-06-21T18:34:33.819Z",
	"lastModifierId": "5ebe48a23ae9444465d1e349",
	"dateModified": "2020-06-22T14:46:14.708Z",
	"trialOrder": "sequential",
	"trials": [
		{
			"nearDistractors": [
				"X_0_sharp.png",
				"T_0_sharp.png",
				"T_90_sharp.png",
				"T_180_sharp.png",
				"T_270_sharp.png",
				"I_0_sharp.png",
				"I_90_sharp.png",
				"O_0_sharp.png",
				"O_90_sharp.png"
			],
			"farDistractors": [
				"X_0_round.png",
				"T_0_round.png",
				"T_90_round.png",
				"T_180_round.png",
				"T_270_round.png",
				"L_0_round.png",
				"L_90_round.png",
				"L_180_round.png",
				"L_270_round.png",
				"I_0_round.png",
				"I_90_round.png",
				"O_0_round.png",
				"O_90_round.png",
				"O_180_round.png"
			],
			"_id": "5eefa83983a5de70f4f89536",
			"numRows": 3,
			"numNodesPerRow": 10,
			"padding": 10,
			"timeLimit": null,
			"showTimeLimit": true,
			"showNextButton": false,
			"nextTrialWhenAllTargetsSelected": true,
			"numTrials": 3,
			"targets": [
				{
					"shapes": [
						"L_0_sharp.png",
						"L_90_sharp.png",
						"L_180_sharp.png",
						"L_270_sharp.png"
					],
					"_id": "5eefa83983a5de70f4f89537",
					"isNTarget": 1,
					"relationships": [],
					"proportion": 20
				}
			],
			"nearDistractorProportion": 20,
			"scanningDirectionVertical": "tb",
			"scanningDirectionHorizontal": "lr",
			"scanningDirectionLineByLine": "sd",
			"withholdResponse": false,
			"withholdNResponse": 1,
			"withholdResponseOnlyForIsTarget": false,
			"adaptive": false,
			"adaptiveRules": []
		}
	],
	"theme": "superheroes",
	"__v": 0
}
